﻿<?xml version="1.0" encoding="utf-8" ?>
<c2eventsheet>
    <!--All the 'name' attributes are ignored by Construct 2 - they are there for readability only.-->
    <name>Event sheet 3</name>
    <events>
        <include>connect</include>
        <variable constant="0" name="login" sid="578079121126181" static="0" type="number">0</variable>
        <event-block sid="269995528873470">
            <conditions>
                <condition id="-2" name="On start of layout" sid="816242871731152" type="System" />
            </conditions>
            <actions>
                <action id="7" name="Set CSS style" sid="907632698173359" type="TextBox">
                    <param id="0" name="Property name">&quot;font-size&quot;</param>
                    <param id="1" name="Value">&quot;2vw&quot;</param>
                </action>
                <action id="7" name="Set CSS style" sid="234999702563408" type="TextBox">
                    <param id="0" name="Property name">&quot;text-align&quot;</param>
                    <param id="1" name="Value">&quot;center&quot;</param>
                </action>
                <action id="7" name="Set CSS style" sid="619548012630193" type="TextBox3">
                    <param id="0" name="Property name">&quot;font-size&quot;</param>
                    <param id="1" name="Value">&quot;2vw&quot;</param>
                </action>
                <action id="7" name="Set CSS style" sid="587208685849293" type="TextBox3">
                    <param id="0" name="Property name">&quot;text-align&quot;</param>
                    <param id="1" name="Value">&quot;center&quot;</param>
                </action>
                <action id="7" name="Set CSS style" sid="872100498638036" type="TextBox4">
                    <param id="0" name="Property name">&quot;font-size&quot;</param>
                    <param id="1" name="Value">&quot;2vw&quot;</param>
                </action>
                <action id="7" name="Set CSS style" sid="158496631927792" type="TextBox4">
                    <param id="0" name="Property name">&quot;text-align&quot;</param>
                    <param id="1" name="Value">&quot;center&quot;</param>
                </action>
                <action id="7" name="Set CSS style" sid="996384105108882" type="TextBox5">
                    <param id="0" name="Property name">&quot;font-size&quot;</param>
                    <param id="1" name="Value">&quot;2vw&quot;</param>
                </action>
                <action id="7" name="Set CSS style" sid="310565666000959" type="TextBox5">
                    <param id="0" name="Property name">&quot;text-align&quot;</param>
                    <param id="1" name="Value">&quot;center&quot;</param>
                </action>
            </actions>
            <sub-events>
                <event-block sid="252896696734299">
                    <conditions>
                        <condition id="-14" name="Pick by unique ID" sid="143853610286383" type="fade">
                            <param id="0" name="Unique ID">6</param>
                        </condition>
                    </conditions>
                    <actions>
                        <action id="-3" name="Set position" sid="407988983309011" type="fade">
                            <param id="0" name="X">0</param>
                            <param id="1" name="Y">0</param>
                        </action>
                    </actions>
                </event-block>
                <event-block sid="993431639618978">
                    <conditions>
                        <condition id="-4" name="Trigger once while true" sid="690044926748989" type="System" />
                    </conditions>
                    <actions>
                        <action id="-16" name="Wait" sid="220819150519768" type="System">
                            <param id="0" name="Seconds">0.5</param>
                        </action>
                        <action behavior="LiteTween" id="10" name="Start" sid="625865473793115" type="Sprite">
                            <param id="0" name="Start Mode">0</param>
                            <param id="1" name="Force use current">1</param>
                        </action>
                        <action behavior="Pin" id="0" name="Pin to object" sid="302522770140954" type="TextBox">
                            <param id="0" name="Pin to">Sprite</param>
                            <param id="1" name="Mode">0</param>
                        </action>
                        <action behavior="Pin" id="0" name="Pin to object" sid="363301055384072" type="Button">
                            <param id="0" name="Pin to">Sprite</param>
                            <param id="1" name="Mode">0</param>
                        </action>
                        <action behavior="Pin" id="0" name="Pin to object" sid="810780623582016" type="login">
                            <param id="0" name="Pin to">Sprite</param>
                            <param id="1" name="Mode">0</param>
                        </action>
                        <action id="7" name="Set CSS style" sid="687732877195648" type="TextBox">
                            <param id="0" name="Property name">&quot;border-color&quot;</param>
                            <param id="1" name="Value">&quot;#ffb9bc&quot;</param>
                        </action>
                        <action id="1" name="Set placeholder" sid="781237082832104" type="TextBox">
                            <param id="0" name="Placeholder">&quot;Please Enter Your Mobile No.&quot;</param>
                        </action>
                        <action id="7" name="Set CSS style" sid="222854710620862" type="TextBox">
                            <param id="0" name="Property name">&quot;border-color&quot;</param>
                            <param id="1" name="Value">&quot;#ffb9bc&quot;</param>
                        </action>
                        <action id="7" name="Set CSS style" sid="318787084626863" type="TextBox3">
                            <param id="0" name="Property name">&quot;border-color&quot;</param>
                            <param id="1" name="Value">&quot;#ffb9bc&quot;</param>
                        </action>
                        <action id="7" name="Set CSS style" sid="981183137036159" type="TextBox3">
                            <param id="0" name="Property name">&quot;border-color&quot;</param>
                            <param id="1" name="Value">&quot;#ffb9bc&quot;</param>
                        </action>
                        <action id="7" name="Set CSS style" sid="814683040608696" type="TextBox4">
                            <param id="0" name="Property name">&quot;border-color&quot;</param>
                            <param id="1" name="Value">&quot;#ffb9bc&quot;</param>
                        </action>
                        <action id="7" name="Set CSS style" sid="812546979498968" type="TextBox4">
                            <param id="0" name="Property name">&quot;border-color&quot;</param>
                            <param id="1" name="Value">&quot;#ffb9bc&quot;</param>
                        </action>
                        <action id="7" name="Set CSS style" sid="524971577251517" type="TextBox5">
                            <param id="0" name="Property name">&quot;border-color&quot;</param>
                            <param id="1" name="Value">&quot;#ffb9bc&quot;</param>
                        </action>
                        <action id="7" name="Set CSS style" sid="433013080240515" type="TextBox5">
                            <param id="0" name="Property name">&quot;border-color&quot;</param>
                            <param id="1" name="Value">&quot;#ffb9bc&quot;</param>
                        </action>
                        <action id="6" name="Set CSS style" sid="830545438221582" type="List">
                            <param id="0" name="Property name">&quot;border-color&quot;</param>
                            <param id="1" name="Value">&quot;#ffb9bc&quot;</param>
                        </action>
                        <action id="6" name="Set CSS style" sid="789562579163240" type="List">
                            <param id="0" name="Property name">&quot;border-color&quot;</param>
                            <param id="1" name="Value">&quot;#ffb9bc&quot;</param>
                        </action>
                    </actions>
                </event-block>
            </sub-events>
        </event-block>
        <event-block sid="205768809646947">
            <conditions>
                <condition id="-3" name="Is on-screen" sid="892118532163892" type="List" />
            </conditions>
            <actions>
                <action id="6" name="Set CSS style" sid="291443586069690" type="List">
                    <param id="0" name="Property name">&quot;font-size&quot;</param>
                    <param id="1" name="Value">&quot;2vw&quot;</param>
                </action>
                <action id="6" name="Set CSS style" sid="557688673847728" type="List">
                    <param id="0" name="Property name">&quot;text-align&quot;</param>
                    <param id="1" name="Value">&quot;center&quot;</param>
                </action>
            </actions>
        </event-block>
        <event-block sid="758806213698125">
            <conditions>
                <condition id="-8" name="Compare two values" sid="724808418519719" type="System">
                    <param id="0" name="First value">len(TextBox.Text)</param>
                    <param id="1" name="Comparison">5</param>
                    <param id="2" name="Second value">10</param>
                </condition>
                <condition id="-8" name="Compare two values" sid="842879807452753" type="System">
                    <param id="0" name="First value">len(TextBox3.Text)</param>
                    <param id="1" name="Comparison">5</param>
                    <param id="2" name="Second value">1</param>
                </condition>
                <condition id="-8" name="Compare two values" sid="292661895940610" type="System">
                    <param id="0" name="First value">len(TextBox4.Text)</param>
                    <param id="1" name="Comparison">5</param>
                    <param id="2" name="Second value">1</param>
                </condition>
                <condition id="-8" name="Compare two values" sid="189465781008342" type="System">
                    <param id="0" name="First value">len(TextBox5.Text)</param>
                    <param id="1" name="Comparison">5</param>
                    <param id="2" name="Second value">1</param>
                </condition>
            </conditions>
            <actions>
                <action id="0" name="Set text" sid="676560998222533" type="TextBox">
                    <param id="0" name="Text">left(TextBox.Text,10)</param>
                </action>
                <action id="-9" name="Set value" sid="243970364940082" type="System">
                    <param id="0" name="Variable">login</param>
                    <param id="1" name="Value">1</param>
                </action>
            </actions>
        </event-block>
        <event-block sid="152302523877966">
            <conditions>
                <condition id="-8" name="Compare two values" sid="225548197766464" type="System">
                    <param id="0" name="First value">len(TextBox.Text)</param>
                    <param id="1" name="Comparison">2</param>
                    <param id="2" name="Second value">10</param>
                </condition>
            </conditions>
            <actions>
                <action id="-9" name="Set value" sid="578800658852005" type="System">
                    <param id="0" name="Variable">login</param>
                    <param id="1" name="Value">0</param>
                </action>
            </actions>
        </event-block>
        <event-block sid="492174766265180">
            <conditions>
                <condition id="-14" name="Compare variable" sid="382714271112109" type="System">
                    <param id="0" name="Variable">login</param>
                    <param id="1" name="Comparison">0</param>
                    <param id="2" name="Value">0</param>
                </condition>
            </conditions>
            <actions />
            <sub-events>
                <event-block sid="753234692484567">
                    <conditions>
                        <condition id="3" name="On touched object" sid="977871743803027" type="Touch">
                            <param id="0" name="Object">login</param>
                        </condition>
                    </conditions>
                    <actions>
                        <action behavior="LiteTween" id="10" name="Start" sid="296026262131276" type="error">
                            <param id="0" name="Start Mode">0</param>
                            <param id="1" name="Force use current">1</param>
                        </action>
                        <action id="-16" name="Wait" sid="798662114455157" type="System">
                            <param id="0" name="Seconds">2</param>
                        </action>
                        <action behavior="LiteTween" id="11" name="Reverse" sid="271003321171947" type="error">
                            <param id="0" name="Reverse mode">0</param>
                        </action>
                    </actions>
                </event-block>
            </sub-events>
        </event-block>
        <event-block sid="521987062945661">
            <conditions>
                <condition id="-14" name="Compare variable" sid="593120784453546" type="System">
                    <param id="0" name="Variable">login</param>
                    <param id="1" name="Comparison">0</param>
                    <param id="2" name="Value">1</param>
                </condition>
            </conditions>
            <actions />
            <sub-events>
                <event-block sid="799867040910601">
                    <conditions>
                        <condition id="3" name="On touched object" sid="879657177915026" type="Touch">
                            <param id="0" name="Object">login</param>
                        </condition>
                    </conditions>
                    <actions>
                        <action id="-2" name="Go to layout" sid="904808348910281" type="System">
                            <param id="0" name="Layout">Layout 4</param>
                        </action>
                    </actions>
                </event-block>
            </sub-events>
        </event-block>
    </events>
</c2eventsheet>
