﻿<?xml version="1.0" encoding="utf-8" ?>
<c2eventsheet>
    <!--All the 'name' attributes are ignored by Construct 2 - they are there for readability only.-->
    <name>Event sheet 2</name>
    <events>
        <include>connect</include>
        <event-block sid="202529678793712">
            <conditions>
                <condition id="-2" name="On start of layout" sid="537405495252753" type="System" />
            </conditions>
            <actions />
            <sub-events>
                <event-block sid="568015477182916">
                    <conditions>
                        <condition id="-14" name="Pick by unique ID" sid="824996166928470" type="fade">
                            <param id="0" name="Unique ID">6</param>
                        </condition>
                    </conditions>
                    <actions>
                        <action id="-3" name="Set position" sid="748095929019573" type="fade">
                            <param id="0" name="X">0</param>
                            <param id="1" name="Y">0</param>
                        </action>
                    </actions>
                </event-block>
                <event-block sid="344832380727904">
                    <conditions>
                        <condition id="-4" name="Trigger once while true" sid="962130351955696" type="System" />
                    </conditions>
                    <actions />
                    <sub-events>
                        <event-block sid="582599841895547">
                            <conditions>
                                <condition id="-14" name="Pick by unique ID" sid="583453303724538" type="Sprite">
                                    <param id="0" name="Unique ID">2</param>
                                </condition>
                            </conditions>
                            <actions>
                                <action id="-16" name="Wait" sid="227304280062413" type="System">
                                    <param id="0" name="Seconds">0.5</param>
                                </action>
                                <action behavior="LiteTween" id="10" name="Start" sid="699405014835543" type="Sprite">
                                    <param id="0" name="Start Mode">0</param>
                                    <param id="1" name="Force use current">1</param>
                                </action>
                            </actions>
                        </event-block>
                    </sub-events>
                </event-block>
            </sub-events>
        </event-block>
        <event-block sid="824781912676807">
            <conditions>
                <condition id="3" name="On touched object" sid="893689479142585" type="Touch">
                    <param id="0" name="Object">Sprite</param>
                </condition>
            </conditions>
            <actions />
            <sub-events>
                <event-block sid="355539161983355">
                    <conditions>
                        <condition id="-14" name="Pick by unique ID" sid="145187465193146" type="Sprite">
                            <param id="0" name="Unique ID">2</param>
                        </condition>
                    </conditions>
                    <actions>
                        <action id="-2" name="Go to layout" sid="774278802812573" type="System">
                            <param id="0" name="Layout">Layout 3</param>
                        </action>
                    </actions>
                </event-block>
            </sub-events>
        </event-block>
    </events>
</c2eventsheet>
